question,choice1,choice2,choice3,choice4,answer,Interrogative,Declarative,Imperative
The natural illumination outside will be for shorter and shorter periods of time per day when,during a solar eclipse,spring season has begun,a hurricane is approaching,in late September north of the equator or late March south of the equator,3,When will the natural illumination outside be for shorter and shorter periods of time per day?,The natural illumination outside will be for shorter and shorter periods of time per day during the autumn months leading up to the winter solstice in the respective hemisphere.,Tell me when the natural illumination outside will decrease in duration per day.
Which is likely to boil?,a cup of dirt,a cup of tacos,a cup of plasma,a cup of Earl Grey,3,What is likely to boil?,Assistant: A substance is likely to boil when...,Tell me what is likely to boil.
Tony is studying ladybugs in a garden. Which of these would BEST help Tony to count the spots on a ladybug?,Stopwatch,Thermometer,Measuring cup,Magnifying glass,3,What would best help Tony to count the spots on a ladybug?,Assistant: What would best help Tony to count the spots on a ladybug is...,Suggest the best method for Tony to count the spots on a ladybug.
"If something is alive, then it requires",something to keep it interested,a source to propel it forward,something to give it hope,something to consider doing,1,What does something that is alive require?,Something that is alive requires...,List what something that is alive requires.
Which best describes transportation technology?,a system that is used to move people and products,an enterprise that changes raw materials into goods,the building and finishing of structures,the conversion of mechanical energy into heat energy,0,What best describes transportation technology?,"Transportation technology refers to the tools, vehicles, systems, and innovations that facilitate the movement of people and goods from one location to another. This includes advancements in automotive, aviation, maritime, and rail technologies, as well as emerging solutions like electric and autonomous vehicles, high-speed trains, and drones.",Describe what best characterizes transportation technology.
What rock is likely to be more mechanically weathered?,a rock used to make fires,a rock traveling through space,a rock far below the ground,a rock is hit by the sun's rays,0,Which rock is likely to be more mechanically weathered?,A rock that is more likely to be mechanically weathered is one that is...,Identify which rock is more likely to undergo mechanical weathering.
The main reason people want to use wind as an energy source is because there is,make cookies,Sing songs,smile,an everlasting supply,3,What is the main reason people want to use wind as an energy source?,"The main reason people want to use wind as an energy source is because it is a clean, renewable, and sustainable form of energy that does not emit greenhouse gases or pollutants during operation, thereby reducing environmental impact and helping to combat climate change.",Explain the main reason people want to use wind as an energy source.
Gravity is an example of which?,Magnetic Force,Speed,Contact Force,Non-Contact Force,3,What is gravity an example of?,Assistant: Gravity is an example of a fundamental force.,Explain what gravity is an example of.
The mantle is,anger,magic,passion,solid bulk,3,What is the mantle?,"The mantle is a layer within the Earth (or other terrestrial planets) that lies between the crust above and the outer core below. It is composed of silicate rocks rich in magnesium and iron. The mantle is about 2,900 kilometers (1,800 miles) thick and makes up a significant portion of the planet's volume and mass. It is divided into the upper mantle and the lower mantle, and it behaves as a solid on long timescales but can flow very slowly under high pressure and temperature conditions, a process that is crucial for plate tectonics and the movement of continental and oceanic plates on the Earth's surface",Describe what the mantle is.
running turns carbohydrates into,fat,sweat,motion and heat,protein,2,What does running turn carbohydrates into?,Running turns carbohydrates into energy.,Explain what carbohydrates are converted into by running.
The most popular plant in Italy is,Air,Basil,Apple Juice,Metal,1,What is the most popular plant in Italy?,"The most popular plant in Italy is difficult to pinpoint definitively due to the country's diverse flora and regional preferences. However, the olive tree (Olea europaea) is often associated with Italy and is highly valued for its olives and olive oil, key components of Italian cuisine and culture. Additionally, grapevines (Vitis vinifera) are also iconic, given Italy's long history and global reputation for wine production.",Identify the most popular plant in Italy.
"in order for utility of a tool to occur, what has to happen first?",it needs to be cleaned,none of these,it needs to be baptized,it needs to be invented,3,What has to happen first for the utility of a tool to occur?,"For the utility of a tool to occur, there must first be...",Explain what must happen first for a tool to be utilized.
"Moles are underground a lot of the time, and since few animals live there, they are unlikely to be",dirty,killed by others,in dirt,near worms,1,"Why are moles unlikely to be what, given they are underground a lot of the time and few animals live there?","Moles are unlikely to be seen by humans, given they are underground a lot of the time and few animals live there.","Explain why moles are unlikely to be what, considering their frequent underground presence and the limited number of animals living there."
Which of these is a function of all cells?,to absorb nutrients and gases from blood,to extract energy from food to sustain life,to produce food using water and carbon dioxide,to give shape and structural support to an organism,1,What is a function of all cells?,A function of all cells is to...,Describe a function common to all cells.
"If someone wants to use a natural gas in order to assist something necessary, they can",use it to bathe in,eat it to die quickly,freeze it to make ice cubes,ignite it to warm their body,3,What can someone do if they want to use natural gas to assist something necessary?,"If someone wants to use natural gas to assist something necessary, they can...",Explain how someone can utilize natural gas for a necessary task.
Which physical property is important to have in a material used in cookware?,poor conductor of heat,good conductor of heat,low flexibility,high flexibility,1,What physical property is important for a material used in cookware to have?,A physical property that is important for a material used in cookware to have is...,Describe the important physical property for a material used in cookware.
Which cell structure carries out a function for a cell that is similar to the function that bark carries out for a tree?,cell wall,nucleus,chloroplast,mitochondrion,0,What cell structure carries out a function for a cell that is similar to the function that bark carries out for a tree?,"Assistant: The cell structure that carries out a function for a cell that is similar to the function that bark carries out for a tree is the cell membrane in animal cells or the cell wall in plant cells. These structures provide protection and support, similar to how bark protects a tree.",Identify the cell structure that performs a function for a cell similar to the function that bark performs for a tree.
Knowing what to do without ever being taught is known as,learned,found,instinctive,given,2,What is it called when you know what to do without ever being taught?,It is called intuition or innate knowledge.,Describe the concept of knowing what to do instinctively without being taught.
Stars are,warm lights that float,made out of nitrate,great balls of gas burning billions of miles away,lights in the sky,2,What are stars?,"Stars are massive, luminous spheres of plasma held together by their own gravity. They are primarily composed of hydrogen and helium and undergo nuclear fusion in their cores, converting hydrogen into helium and releasing energy in the form of light and heat. This process makes stars the primary sources of light in the universe. Stars vary greatly in size, temperature, and brightness, from small, cool red dwarfs to massive, hot blue supergiants. They are born from dense regions within molecular clouds and have life cycles that can span billions of years, eventually evolving into different end states depending on their initial mass, such as white dwarfs, neutron stars,",Explain what stars are.
Newer hybrid cars will have what effect on the gas usage in the world over time?,less,more,more electric,slower cars,0,What effect will newer hybrid cars have on the world's gas usage over time?,Newer hybrid cars will likely have the effect of reducing the world's gas usage over time by...,Explain the impact of newer hybrid cars on global gas consumption over time.
What happens to metal railroad tracks during the heat of a summer day?,decrease in weight,increase in weight,decrease in length,increase in length,3,What happens to metal railroad tracks during the heat of a summer day?,Metal railroad tracks expand during the heat of a summer day.,Explain what happens to metal railroad tracks during the heat of a summer day.
Death begins for a leaf the second it,is released,is eaten,is born,is burned,0,When does death begin for a leaf?,Death for a leaf begins when...,Explain when death begins for a leaf.
Where might you find a bug that has an incomplete metamorphosis,a noggin,in space,on the moon,on Jupiter,0,Where might you find a bug that has an incomplete metamorphosis?,Assistant: You might find a bug that has an incomplete metamorphosis in environments such as...,Identify where a bug undergoing incomplete metamorphosis might be found.
One of the functions of a topographic map is to,gauge local rainfall amounts.,study the area's geological history.,predict the severity of earthquakes.,show the surface features of an area.,3,What is one of the functions of a topographic map?,One of the functions of a topographic map is to illustrate...,Describe one of the functions of a topographic map.
Which factors can have the greatest effect on the health of a river system?,type of soil and salinity,nitrate levels and turbidity,human consumption and pH,natural disasters and tidal changes,1,What factors can have the greatest effect on the health of a river system?,Factors that can have the greatest effect on the health of a river system include...,List the factors that can have the greatest effect on the health of a river system.
High humidity can damage materials which,must remain dry to function,will dry out unless they are soaked in water,depend on abundance amounts of water vapor,need to be kept wet,0,What can high humidity damage materials that need?,High humidity can damage materials that need...,Describe the needs of materials that can be damaged by high humidity.
"Which of these particles, when found in soil, contributes most to the water retention in soil?",gravel,sand,silt,clay,3,What particle found in soil contributes most to water retention?,Assistant: The particle found in soil that contributes most to water retention is clay.,Identify the particle in soil that contributes most to water retention.
What stimulants taste buds sour and,sand,lava,sucrose,water,2,What stimulates taste buds to taste sour?,What stimulates taste buds to taste sour is...,Describe what stimulates taste buds to taste sour.
Runoff from farms that use fertilizers is entering a small lake. This will most directly affect the lake by causing,the lake to dry up.,algae to grow in the lake.,the lake to become deeper.,water in the lake to become solid.,1,How will runoff from farms that use fertilizers most directly affect a small lake?,"Runoff from farms that use fertilizers will most directly affect a small lake by increasing the nutrient levels in the water, potentially leading to eutrophication.",Describe how runoff from farms using fertilizers will most directly affect a small lake.
"If a person wants to move heat quickly, they could use the sun's warmth. The best thing for absorbing it would be",a brass sheet,a wool cap,a rubber duck,a plastic ball,0,What is the best thing for absorbing the sun's warmth if a person wants to move heat quickly?,"The best thing for absorbing the sun's warmth if a person wants to move heat quickly is a material with a high thermal conductivity and a dark, matte surface. Dark, matte surfaces are excellent at absorbing solar radiation, while materials with high thermal conductivity, such as metals, are efficient at transferring that absorbed heat. For practical applications, combining a dark, matte surface for efficient solar absorption with a material that can quickly transfer the absorbed heat to its surroundings or to a specific target is ideal.",Recommend the best material for absorbing the sun's warmth quickly for a person wanting to move heat.
The building of a hotel caused many species to be,acclimated,celebrated,hunted,destroyed,3,What was the effect on many species due to the building of a hotel?,Assistant: The effect on many species due to the building of a hotel was...,Describe the effect on many species due to the construction of a hotel.
"If substances are combined by pouring them together, they'll mix, such as",salt and oyster crackers,lettuce and roma tomato,coffee and hazelnut cream,whole milk and cheese,2,"What happens if substances are combined by pouring them together, such as?","Assistant: If substances are combined by pouring them together, it can result in a mixture or reaction depending on the properties of the substances involved. This process can lead to the formation of solutions, suspensions, or even chemical reactions that produce new compounds, heat, or gas. The outcome varies widely based on the specific chemicals or materials being mixed.","Describe the outcomes of combining substances by pouring them together, including examples."
What are the names of the products in the chemical equation shown below? HCl + NaHCO_{3} -> NaCl + CO_{2} + H_{2}O,hydrochloric acid and sodium carbonate,"sodium chloride, carbon dioxide, and water",hydrogen chloride and sodium bicarbonate,"sodium chloride, carbon monoxide, and dihydrogen oxide",1,What are the names of the products in the given chemical equation?,"Assistant: To provide the names of the products in a chemical equation, I would need the specific equation you're referring to. Could you please provide the chemical equation in question?",List the names of the products in the provided chemical equation.
"Humans are like monkeys in a lot of ways, besides sharing a lot of the same DNA, their babies are birthed",mad,old,alive,dead,2,How are human babies birthed in comparison to monkeys?,"Human babies are birthed primarily through a process called childbirth, which involves labor and delivery, often in a hospital or birthing center with medical assistance. In contrast, monkeys give birth with less external assistance, typically in a natural environment. While both processes involve similar biological mechanisms, human childbirth is more likely to involve medical intervention and care.",Describe the differences in birthing processes between human babies and monkeys.
Which is the first step in a design process?,Revise the solution.,Describe the problem.,Test the possible solutions.,Identify possible solutions.,1,What is the first step in a design process?,The first step in a design process is typically to identify and define the problem.,Explain the first step in a design process.
Freezing point is best represented by,ice sculpture,glass of water,flowing rivers,water falls,0,What is the freezing point best represented by?,Assistant: The freezing point is best represented by...,Describe what best represents the freezing point.
A polar bear is white because,it's a lame Turkish professor in a third rate Pennsylvanian college,it's covered in polar snow ice,it wants to make a Grizzly bear jealous,its parents had white fur,3,Why is a polar bear white?,"A polar bear is white because its fur provides camouflage in its snowy and icy environment, helping it to blend in with its surroundings. This camouflage is crucial for hunting seals and for protection.",Explain why a polar bear is white.
Which sequence lists the levels of organization in the human body from simplest to most complex?,organ system -> tissue -> cell -> organ,tissue -> cell -> organ -> organ system,organ -> organ system -> tissue -> cell,cell -> tissue -> organ -> organ system,3,How are the levels of organization in the human body listed from simplest to most complex?,"The levels of organization in the human body, listed from simplest to most complex, are:

1. **Chemical Level** - This is the most basic level and includes atoms and molecules essential for life.
2. **Cellular Level** - Cells are the basic units of life and the first level of organization where life processes can be observed.
3. **Tissue Level** - Tissues consist of similar types of cells working together to perform a specific function.
4. **Organ Level** - Organs are made up of two or more types of tissues that work together to perform specific, complex functions.
5. **Organ System Level",List the levels of organization in the human body from simplest to most complex.
"If a bird lives in a dangerous place with fires and predators, a bird will likely",live longer,flourish,thrive,acquire characteristics,3,What will likely happen to a bird if it lives in a dangerous place with fires and predators?,"If a bird lives in a dangerous place with fires and predators, it will likely face...",Describe the likely outcomes for a bird living in a hazardous area with fires and predators.
Which process allows green plants to control the amount of water stored in their leaves?,photosynthesis,condensation,respiration,transpiration,3,How do green plants control the amount of water stored in their leaves?,"Green plants control the amount of water stored in their leaves through a process called transpiration, which involves the opening and closing of stomata. Stomata are small pores located on the underside of leaves. When the plant needs to conserve water, the stomata close, reducing water loss. Conversely, when the plant needs to cool down or take in carbon dioxide for photosynthesis, the stomata open, allowing water vapor to escape through transpiration. This process is regulated by various environmental factors, including humidity, temperature, light intensity, and the plant's water status.",Describe how green plants regulate the water content in their leaves.
A 40 foot wide hole is found in the dessert. It's shaped like a ball had hit it. What could have happened?,something from space entered the atmosphere,a lizard built the hole,the moon's gravity pulled sand out of the hole,a dust storm filled it in,0,What could have caused a 40 foot wide hole in the desert that is shaped like a ball had hit it?,A 40-foot wide hole in the desert that is shaped as if a ball had hit it could have been caused by a meteorite impact.,Describe potential causes for a 40-foot wide hole in the desert that appears as if it was created by the impact of a ball.
"If a new predator begins eating prey, what will happen to the preys population?",heightening,lessening,abundance,growth,1,What will happen to the prey's population if a new predator begins eating them?,"If a new predator begins eating them, the prey's population will likely...",Describe the impact on the prey's population if a new predator starts preying on them.
The animals that never migrate never do so because they were born,with the instinct,are too lazy,seventeen,without the instinct,3,Why do the animals that never migrate never do so?,"The animals that never migrate do so because they are able to find sufficient resources such as food, water, and shelter throughout the year in their habitat. Additionally, they may have adaptations that allow them to survive seasonal changes without the need to migrate.",Explain why some animals never migrate.
Which serve as evidence for a scientific theory?,guesses,opinions,arguments,observations,3,What serves as evidence for a scientific theory?,Evidence for a scientific theory typically includes...,List what serves as evidence for a scientific theory.
Fish are quickly caught in water because of the webbed feet possessed by a,cheetah,penguin,hippopotamus,snake,1,Why are fish quickly caught in water?,Fish are quickly caught in water due to their...,Explain why fish are quickly caught in water.
Which of the following Earth layers has the greatest density?,crust,mantle,inner core,outer core,2,Which Earth layer has the greatest density?,Assistant: The Earth layer with the greatest density is the inner core.,Identify the Earth layer with the greatest density.
Energy from the Sun reaches Earth by,radiation.,conduction.,convection.,thermal expansion.,0,How does energy from the Sun reach Earth?,Energy from the Sun reaches Earth primarily through the process of radiation.,Explain how energy from the Sun reaches Earth.
The fur of an arctic fox turns from brown to white as winter approaches. This is an example of,camouflage,hibernation,migration,movement,0,What is the turning of an arctic fox's fur from brown to white as winter approaches an example of?,Assistant: The turning of an arctic fox's fur from brown to white as winter approaches is an example of adaptation.,Explain what the turning of an arctic fox's fur from brown to white as winter approaches exemplifies.
"The earth has continents that experience different things at different times, depending on where on Earth's axis it is, such as",cartoons,forests,lunch,Christmas,3,What do continents on Earth experience at different times depending on their position on Earth's axis?,Continents on Earth experience different seasons at different times depending on their position on Earth's axis.,Describe what continents on Earth experience at different times depending on their position on Earth's axis.
"An acre of arctic land, when compared to an acre of jungle land will have",more living things,more life forms,more organisms,fewer living things,3,How does an acre of arctic land compare to an acre of jungle land in terms of the number of living things?,"An acre of arctic land typically supports fewer living things compared to an acre of jungle land. This difference is primarily due to the contrasting climates and ecosystems of these two environments. Jungles, or tropical rainforests, are among the most biodiverse ecosystems on Earth, offering a warm climate, abundant rainfall, and a variety of habitats for plants, animals, and microorganisms. In contrast, the arctic environment is much harsher, with extremely cold temperatures, frozen soil, and limited sunlight for much of the year, which significantly reduces the diversity and abundance of life.",Describe how the biodiversity of an acre of arctic land compares to that of an acre of jungle land.
Even items such as rocks mass can be changed due to which process?,Weathering,Climate,Weatherization,Weather,0,What process can change the mass of items such as rocks?,The process that can change the mass of items such as rocks is...,Explain the process that can change the mass of items such as rocks.
Which of the following systems breaks food into nutrients that can be used by the body?,circulatory,digestive,respiratory,reproductive,1,What does the system that breaks food into nutrients that can be used by the body do?,The system that breaks food into nutrients that can be used by the body performs digestion.,Describe the system that breaks food into nutrients usable by the body.
Why are the rocks and pebbles found on riverbeds usually smooth?,The rocks and pebbles in riverbeds are not very old.,The rocks and pebbles rub against each other as water flows over them.,Rivers can only flow over smooth rocks and pebbles.,Organisms in the rivers break down the rocks and pebbles.,1,Why are the rocks and pebbles found on riverbeds usually smooth?,"The rocks and pebbles found on riverbeds are usually smooth due to the continuous process of erosion and abrasion. As water flows over and around these rocks, it carries sand, smaller rocks, and other particles that rub against them. This constant friction and tumbling action over time rounds off the sharp edges and smooths the surfaces of the rocks and pebbles, resulting in their characteristically smooth appearance.",Explain why rocks and pebbles found on riverbeds are usually smooth.
"A storm rages for two weeks, and the rivers and lakes swell past their holding capacity, so",the area becomes damp,the surrounding land is underwater,the wind blows over trees,everything around burns down,1,What happens when a storm rages for two weeks and the rivers and lakes swell past their holding capacity?,"When a storm rages for two weeks and the rivers and lakes swell past their holding capacity, it leads to...","Describe the effects of a two-week-long storm on rivers and lakes, especially when they swell beyond their holding capacity."
Which animal is preparing for a seasonal change in the environment?,a bat flying at night,a deer drinking water,an owl eating a mouse,a squirrel storing nuts,3,What is an animal doing to prepare for a seasonal change in the environment?,An animal is adapting or making preparations for a seasonal change in the environment by...,Describe how an animal prepares for a seasonal change in the environment.
Which of these could be a reason why the stars seem to be in a different place at dusk than at dawn?,rotation of the sky,rotation of the sun,rotation of the earth,rotation of the person,2,Why do the stars seem to be in a different place at dusk than at dawn?,"The stars seem to be in a different place at dusk than at dawn due to the Earth's rotation on its axis. As the Earth rotates from west to east, the stars appear to move across the sky from east to west. This movement, combined with the Earth's orbit around the Sun, causes the stars to appear in different positions in the sky at different times of the night and at different times of the year. At dusk, the stars visible in the sky are those that are just becoming visible as the Sun sets and the sky darkens, while at dawn, the stars visible are those that are about to disappear in the morning light",Explain why the stars appear in different positions at dusk compared to dawn.
Which can be said to have the most volume?,the Sun,Venus,the moon,the Earth,0,Which has the most volume?,"Assistant: To determine which has the most volume, I would need to know the specific items or substances you are comparing. Volume can refer to the amount of space that a substance or object occupies, and it can vary widely depending on what exactly is being compared.",Specify the items you want compared by volume.
the solstice with the longest day happens in the month after,november,may,january,march,1,In which month does the solstice with the longest day happen?,The solstice with the longest day happens in June in the Northern Hemisphere.,Tell me in which month the solstice with the longest day occurs.
Nerves all have,microscopic parts,short arms,viable organs,liver transplants,0,What do all nerves have?,All nerves have the ability to transmit signals.,Tell me what all nerves have.
Which would an ecologically minded individual most support?,oil,gas,fracking,windmills,3,What would an ecologically minded individual most likely support?,An ecologically minded individual would most likely support initiatives and practices that promote environmental sustainability and conservation.,List actions an ecologically minded individual would most likely support.
As bad water increases in an environment the number of aquatic animals such as zooplankton will,face extinction,stagnate,grow,hibernate,0,What happens to the number of aquatic animals such as zooplankton as bad water increases in an environment?,"As bad water quality increases in an environment, the number of aquatic animals such as zooplankton typically decreases.","Describe the effect of increasing bad water on the number of aquatic animals, such as zooplankton, in an environment."
who would see better through an underground tunnel?,a boy with a pen,a man with a stick,a man with a spoon,a man with a candle and match,3,Who would see better through an underground tunnel?,Assistant: Someone with enhanced low-light vision would see better through an underground tunnel.,Describe who would have better vision in an underground tunnel.
Offshore oil platforms affect ocean habitats. An ocean environment is most likely damaged by an offshore oil platform because,leaking oil from the oil platform might pollute the water,fishing from the oil platform might reduce the fish population,drilling in the ocean floor might reduce the water temperature,changing the ocean floor might increase the number of hurricanes,0,Why is an ocean environment most likely damaged by an offshore oil platform?,An ocean environment is most likely damaged by an offshore oil platform due to...,Explain why an offshore oil platform is likely to damage an ocean environment.
"After a storm, a glass vial with markings on it can tell",how loud a baby is,how wet an area got,how sad a puppy is,how bad a skunk smells,1,What can a glass vial with markings on it tell after a storm?,A glass vial with markings on it can indicate...,Describe what information a glass vial with markings on it can provide after a storm.
Many families survive the winter thanks to,tv,AC unit,furnace,fridge,2,What do many families rely on to survive the winter?,Many families rely on heating sources to survive the winter.,Tell me what many families rely on to survive the winter.
Which human activity most often has a harmful effect on the environment?,breathing,growing,planting,polluting,3,What human activity most often has a harmful effect on the environment?,Human activity that most often has a harmful effect on the environment includes...,Describe which human activity most often negatively impacts the environment.
Which food provides the most energy for the body in the shortest amount of time?,potato,meat,milk,fruit,3,What food provides the most energy for the body in the shortest amount of time?,Food that provides the most energy for the body in the shortest amount of time is...,Identify the food that provides the most energy for the body in the shortest amount of time.
when the earth's plates grind against each other it can be detected with a,tape measure,ruler,seismograph,geiger counter,2,What can detect when the earth's plates grind against each other?,Instruments that can detect when the Earth's plates grind against each other include seismometers or seismographs.,Describe what can detect when the earth's plates grind against each other.
A scale can measure,javascript,intentions,guitar picks,thoughts,2,What can a scale measure?,A scale can measure weight or mass.,List what a scale can measure.
Which of the following is the most important safety practice when using a rock hammer on a geology field trip?,wear gloves while breaking rocks,wear goggles while breaking rocks,have a bucket of sand in case of sparks,have a clean eye-wash station available,1,What is the most important safety practice when using a rock hammer on a geology field trip?,The most important safety practice when using a rock hammer on a geology field trip is to wear protective eyewear to shield your eyes from flying rock chips and fragments.,Describe the most important safety practice for using a rock hammer on a geology field trip.
The celestial object closest to Earth is,Mercury and Venus are equally closest,the object the Earth orbits,the third planet from the Sun,the large object that illuminates a night sky,3,What is the celestial object closest to Earth?,The celestial object closest to Earth is the Moon.,Identify the celestial object closest to Earth.
An elephant on the plains and a diamondback in the desert will receive,zero amounts of precipitation,equal amounts of precipitation,similar amounts of precipitation,different amounts of precipitation,3,What will an elephant on the plains and a diamondback in the desert receive in terms of precipitation?,"An elephant on the plains and a diamondback in the desert will receive different amounts of precipitation, depending on the specific climate of their habitats. Generally, elephants on the plains may receive moderate to high levels of precipitation, while diamondbacks in the desert are likely to receive low levels of precipitation.",Describe the amount of precipitation an elephant on the plains and a diamondback in the desert will receive.
A way to keep a cup of coffee warm is to,cook it in the oven,heat it with a torch,put it in the sun,use a heated plate,3,What is a way to keep a cup of coffee warm?,A way to keep a cup of coffee warm is by...,Describe a method to maintain the warmth of a cup of coffee.
A seed is dispersed when it is,inside the original plant,beneath the original plant,away from the original plant,in the original plant,2,How is a seed dispersed?,"Assistant: A seed is dispersed through various methods, including wind, water, animals, explosion, and gravity, to facilitate its spread to new locations for germination and growth.",Describe how a seed is dispersed.
The moon reflects sunlight to arrive at,the moon,the ocean,orbiting satellites,the space station,1,What does the moon reflect sunlight to arrive at?,The moon reflects sunlight to arrive at the Earth.,Explain how the moon reflects sunlight to reach its destination.
A bird eating a lizard is an example of what type of relationship?,symbiotic,producer,parasitic,predatory,3,What type of relationship is exemplified by a bird eating a lizard?,The type of relationship exemplified by a bird eating a lizard is...,Describe the type of relationship exemplified by a bird eating a lizard.
An animal will become thicker if it does all aside from,gorge,refuse food,feed,eat food,1,What will an animal not do to become thicker?,An animal will not... to become thicker.,Describe what an animal will not do to increase its thickness.
What does a beaver use to find something to munch on with?,antennas,teeth,gills,sense organs,3,What does a beaver use to find something to munch on?,A beaver uses its...,Describe how a beaver locates food.
Which change would have the greatest negative impact on the survival of an owl species?,an increase in primary consumer population,an decrease in acid rain,an decrease in size of habitat,an increase in producers,2,What change would have the greatest negative impact on the survival of an owl species?,The change that would have the greatest negative impact on the survival of an owl species is the...,Identify the change that would most negatively affect the survival of an owl species.
Which tools are best used to determine the speed of a turtle as it walks along a path?,Meter stick and graduated cylinder,Stopwatch and meter stick,Balance and metric ruler,Balance and stopwatch,1,What are the best tools to use to determine the speed of a turtle as it walks along a path?,"The best tools to use to determine the speed of a turtle as it walks along a path include...

1. Stopwatch or timer: To measure the time it takes for the turtle to travel a specific distance.
2. Measuring tape or ruler: To accurately measure the distance traveled by the turtle.
3. Calculator: To calculate the speed using the formula speed = distance/time.
4. Video recording device: To record the turtle's movement, allowing for more precise measurement of both time and distance by reviewing the footage.
5. Notebook and pen: To record the measurements and calculations.",List the best tools for determining the speed of a turtle as it walks along a path.
Solar radiation has a part in the water cycle by,affecting ocean tides.,helping in the absorption of groundwater.,determining the type of clouds formed.,changing water to a vapor.,3,What role does solar radiation play in the water cycle?,Solar radiation plays a crucial role in the water cycle by...,Explain the role of solar radiation in the water cycle.
It's June in Australia so I should make sure to wear,mittens,shorts,flip flops,a bathing suit,0,What should I make sure to wear in Australia during June?,"You should make sure to wear warm clothing in Australia during June, as it is winter in the Southern Hemisphere, including Australia, during this time. Layers, a good jacket, and possibly a hat and gloves, depending on the region you are visiting, would be advisable.",Advise me on what to wear in Australia during June.
Desalinating water from the ocean does what to nearby fish?,manipulates habitat,makes habitat nicer,helps them out,gives them money,0,What does desalinating water from the ocean do to nearby fish?,Desalinating water from the ocean can affect nearby fish by...,Explain the effects of desalinating ocean water on nearby fish.
Sound will not travel in a,solid,liquid,gas,vacuum,3,In what will sound not travel?,Assistant: Sound will not travel in a vacuum.,Describe the conditions or environments in which sound cannot travel.
"If this fell on you, you would probably die",a leaning tower,a balloon,a feather,a towel,0,"Which one, if fallen on you, would probably kill you?","Assistant: If fallen on you, a large object or a significant weight from a height could potentially cause fatal injuries. Safety measures should always be observed to prevent such accidents.","List the objects that, if fallen on you, would probably be lethal."
Which of these allows humans to walk around?,luck,glucose,magic,sand,1,What allows humans to walk around?,Humans are able to walk around due to...,Explain what enables humans to walk around.
What is the result of cellular respiration?,Energy for cell processes is released.,Oxygen is released for photosynthesis.,Cells undergo decomposition.,Nutrients are excreted to prevent the buildup of body fat.,0,What is the result of cellular respiration?,"The result of cellular respiration is the production of ATP (adenosine triphosphate), along with carbon dioxide and water as by-products.",Describe the result of cellular respiration.
A glacier moves like a,crocodile,tortoise,Komodo dragon,rattlesnake,1,How does a glacier move?,Assistant: A glacier moves through...,Explain how a glacier moves.
To have a positive impact of the environment,use Styrofoam plates and bowls,use more paper towels,drive a car that guzzles gas,salvage plastic bottles instead of throwing them away,3,What should you do to have a positive impact on the environment?,"To have a positive impact on the environment, you should...

1. Reduce, reuse, and recycle materials to minimize waste.
2. Use energy-efficient appliances and light bulbs to conserve energy.
3. Limit water usage by fixing leaks and choosing water-efficient fixtures.
4. Choose sustainable transportation options, such as walking, biking, carpooling, or using public transit.
5. Support and purchase products from eco-friendly and sustainable businesses.
6. Plant trees and support reforestation efforts to absorb carbon dioxide.
7. Reduce meat consumption to lower the demand for resource-intensive food production.
8. Use natural cleaning products to minimize chemical runoff into",List actions one can take to have a positive impact on the environment.
Which tool is used to measure the volume of a liquid?,balance,ruler,thermometer,graduated cylinder,3,What tool is used to measure the volume of a liquid?,Assistant: The tool used to measure the volume of a liquid is a...,Tell me which tool is used to measure the volume of a liquid.
"Heat, light, and sound are all different forms of ___.",fuel,energy,matter,electricity,1,"What are heat, light, and sound all different forms of?","Heat, light, and sound are all different forms of energy.","Explain how heat, light, and sound are related."
"A pack of wolves eat the sheep before a grizzly bear can get to them, what have the wolves done to the bear?",out competed,out lasted,out ran,out lived,0,What have the wolves done to the bear by eating the sheep before it could?,Assistant: The wolves have outcompeted the bear by eating the sheep before it could.,Describe the impact wolves have had on the bear by consuming the sheep before the bear could.
If blue whales have trouble finding any mates,they could become overpopulated,their population could drop to the sum of negative two and two,they could all become sharks,they could mate with killer whales,1,What could happen if blue whales have trouble finding any mates?,"If blue whales have trouble finding any mates, it could lead to a decrease in their population size.",Describe the potential consequences of blue whales struggling to find mates.
Natural processes cause rapid and slow changes to Earth's surface. Which event causes changes to Earth's surface most rapidly?,an earthquake shaking the ground,sediment washing into a bay,a rainstorm weathering rock,water flowing in stream,0,Which natural process causes changes to Earth's surface most rapidly?,The natural process that causes changes to Earth's surface most rapidly is typically volcanic eruptions.,Identify the natural process that causes the most rapid changes to Earth's surface.
dissolving sugar in water will cause it to,turn bitter,evaporate faster,slightly warm,become sweet,3,What will dissolving sugar in water cause it to do?,Assistant: Dissolving sugar in water will cause it to...,Explain what happens when sugar is dissolved in water.
a typical rabbit diet includes,crickets,mice,fish,weeds,3,What does a typical rabbit diet include?,A typical rabbit diet includes...,List the typical components of a rabbit's diet.
"If a person restores a garden complete with oaks, then they have replaced",concrete,jelly,steam,a resource,3,What have they replaced if a person restores a garden complete with oaks?,"Assistant: If a person restores a garden complete with oaks, they have replaced the garden's ecosystem or vegetation, specifically incorporating oak trees.",Describe what has been replaced if a person has restored a garden to include oaks.
What unit do scientists use to measure the distance between stars?,light-year,angstrom unit,astronomical unit,apparent magnitude,0,What unit do scientists use to measure the distance between stars?,Assistant: Scientists use the unit of light-years to measure the distance between stars.,Tell me which unit scientists use to measure the distance between stars.
Which of the following statements best describes one way that the Moon is different from Earth?,The Moon is not solid.,The Moon has no gravity.,The Moon has almost no atmosphere.,The Moon receives almost no solar light.,2,How is the Moon different from Earth?,"The Moon is different from Earth in several key ways:

1. **Size and Gravity**: The Moon is much smaller than Earth, with a diameter about 1/4 that of Earth's. Consequently, its gravitational force is weaker, about 1/6th of Earth's gravity. This means that objects on the Moon weigh significantly less than they do on Earth.

2. **Atmosphere**: Unlike Earth, which has a rich atmosphere composed of nitrogen, oxygen, and other gases, the Moon has a very thin exosphere made up mostly of hydrogen, neon, and helium. This means there is virtually no breathable air or protection",List the differences between the Moon and Earth.
Pines will continue to grow making them,toxic,endangered,reuseable,shorter,2,What do pines become as they continue to grow?,"Pines, as they continue to grow, become...",Describe what happens to pines as they continue to grow.
